lid,bundle,bundle_lid,filepath,pds:start_date_time,pds:stop_date_time,pds:wavelength_range,instument_host_lid,instrument_lid,primary_target_lid,rings:occultation_type,rings:occultation_direction,rings:time_series_direction,rings:planetary_occultation_flag,rings:data_quality_score,rings:ring_plane,rings:minimum_projected_sun_diameter,rings:maximum_projected_sun_diameter,rings:sigma_projected_sun_diameter,rings:minimum_wavelength,rings:maximum_wavelength,rings:reference_time_utc,rings:observed_event_start_tdb,rings:observed_event_stop_tdb,rings:ring_event_start_tdb,rings:ring_event_stop_tdb,rings:minimum_ring_radius,rings:maximum_ring_radius,rings:observed_ring_elevation,rings:light_source_incidence_angle,rings:data_quality_index,rings:lowest_detectable_normal_optical_depth,rings:highest_detectable_normal_optical_depth,rings:background_signal,rings:average_unocculted_signal
urn:nasa:pds:cassini_uvis_solarocc_beckerjarmak2023:data:uvis_euv_2005_159_solar_time_series_ingress,cassini_uvis_solarocc_beckerjarmak2023,urn:nasa:pds:cassini_uvis_solarocc_beckerjarmak2023,data/uvis_euv_2005_159_solar_time_series_ingress.xml                       ,2005-06-08T11:39:37.225Z,2005-06-08T14:04:01.195Z,Ultraviolet,urn:nasa:pds:context:instrument_host:spacecraft.co,urn:nasa:pds:context:instrument:uvis.co,urn:nasa:pds:context:target:ring.saturn.rings,Solar,Ingress,Ingress,N,Fair,Equator,179.662 ,266.511 ,25.2,56.2,118.1,2000-01-01T12:00:00Z,171502839.409,171511503.380,171502838.810,171511502.491,66150.7 ,168689.8,21.45,68.55,FR ,-0.04677,1.40691 ,174.0 ,1853.6
urn:nasa:pds:cassini_uvis_solarocc_beckerjarmak2023:data:uvis_euv_2005_196_solar_time_series_ingress,cassini_uvis_solarocc_beckerjarmak2023,urn:nasa:pds:cassini_uvis_solarocc_beckerjarmak2023,data/uvis_euv_2005_196_solar_time_series_ingress.xml                       ,2005-07-15T00:42:42.060Z,2005-07-15T02:02:46.057Z,Ultraviolet,urn:nasa:pds:context:instrument_host:spacecraft.co,urn:nasa:pds:context:instrument:uvis.co,urn:nasa:pds:context:target:ring.saturn.rings,Solar,Ingress,Ingress,Y,Fair,Equator,244.056 ,281.820 ,10.5,56.2,118.1,2000-01-01T12:00:00Z,174660226.244,174665030.240,174660225.429,174665029.300,54081.2 ,114863.3,21.07,68.93,R  ,-0.00261,2.67289 ,372.1 ,98108.5
urn:nasa:pds:cassini_uvis_solarocc_beckerjarmak2023:data:uvis_euv_2006_257_solar_time_series_egress ,cassini_uvis_solarocc_beckerjarmak2023,urn:nasa:pds:cassini_uvis_solarocc_beckerjarmak2023,data/uvis_euv_2006_257_solar_time_series_egress.xml                        ,2006-09-15T05:48:04.455Z,2006-09-15T06:12:44.455Z,Ultraviolet,urn:nasa:pds:context:instrument_host:spacecraft.co,urn:nasa:pds:context:instrument:uvis.co,urn:nasa:pds:context:target:ring.saturn.rings,Solar,Egress ,Egress ,N,Poor,Equator,2068.419,2069.201,0.2 ,58.0,116.2,2000-01-01T12:00:00Z,211571405.138,211572811.138,211571398.236,211572804.238,87462.8 ,87540.3 ,15.86,74.14,X  ,-0.00103,0.00024 ,188.8 ,62964.7
urn:nasa:pds:cassini_uvis_solarocc_beckerjarmak2023:data:uvis_euv_2006_257_solar_time_series_ingress,cassini_uvis_solarocc_beckerjarmak2023,urn:nasa:pds:cassini_uvis_solarocc_beckerjarmak2023,data/uvis_euv_2006_257_solar_time_series_ingress.xml                       ,2006-09-14T19:38:49.664Z,2006-09-15T05:46:50.455Z,Ultraviolet,urn:nasa:pds:context:instrument_host:spacecraft.co,urn:nasa:pds:context:instrument:uvis.co,urn:nasa:pds:context:target:ring.saturn.rings,Solar,Ingress,Ingress,N,Poor,Equator,2069.242,2083.654,4.2 ,58.0,116.2,2000-01-01T12:00:00Z,211534776.346,211571331.138,211534769.396,211571324.236,87462.8 ,128119.3,15.86,74.14,UR ,0.05906 ,2.08718 ,188.8 ,85394.0
urn:nasa:pds:cassini_uvis_solarocc_beckerjarmak2023:data:uvis_euv_2007_114_solar_time_series_egress ,cassini_uvis_solarocc_beckerjarmak2023,urn:nasa:pds:cassini_uvis_solarocc_beckerjarmak2023,data/uvis_euv_2007_114_solar_time_series_egress.xml                        ,2007-04-24T10:37:05.109Z,2007-04-24T12:07:55.609Z,Ultraviolet,urn:nasa:pds:context:instrument_host:spacecraft.co,urn:nasa:pds:context:instrument:uvis.co,urn:nasa:pds:context:target:ring.saturn.rings,Solar,Egress ,Egress ,N,Good,Equator,248.204 ,459.402 ,61.1,56.2,118.1,2000-01-01T12:00:00Z,230683087.545,230688538.045,230683086.012,230688537.217,100220.8,205780.1,12.76,77.24,   ,-0.00156,1.71392 ,148.2 ,85397.1
urn:nasa:pds:cassini_uvis_solarocc_beckerjarmak2023:data:uvis_euv_2007_114_solar_time_series_ingress,cassini_uvis_solarocc_beckerjarmak2023,urn:nasa:pds:cassini_uvis_solarocc_beckerjarmak2023,data/uvis_euv_2007_114_solar_time_series_ingress.xml                       ,2007-04-24T09:58:13.109Z,2007-04-24T10:36:54.109Z,Ultraviolet,urn:nasa:pds:context:instrument_host:spacecraft.co,urn:nasa:pds:context:instrument:uvis.co,urn:nasa:pds:context:target:ring.saturn.rings,Solar,Ingress,Ingress,N,Fair,Equator,459.823 ,548.121 ,25.6,56.2,118.1,2000-01-01T12:00:00Z,230680755.545,230683076.545,230680753.716,230683075.011,100221.0,126281.2,12.77,77.23,U  ,0.05692 ,1.77784 ,83.2  ,85397.1
urn:nasa:pds:cassini_uvis_solarocc_beckerjarmak2023:data:uvis_euv_2008_003_solar_time_series_egress ,cassini_uvis_solarocc_beckerjarmak2023,urn:nasa:pds:cassini_uvis_solarocc_beckerjarmak2023,data/uvis_euv_2008_003_solar_time_series_egress.xml                        ,2008-01-03T20:56:07.356Z,2008-01-03T21:28:59.331Z,Ultraviolet,urn:nasa:pds:context:instrument_host:spacecraft.co,urn:nasa:pds:context:instrument:uvis.co,urn:nasa:pds:context:target:ring.saturn.rings,Solar,Egress ,Egress ,N,Fair,Equator,130.874 ,248.317 ,34.2,56.2,118.1,2000-01-01T12:00:00Z,252665834.540,252667802.515,252665833.712,252667802.078,96961.8 ,151780.5,9.00 ,81.00,R  ,-0.00139,1.16031 ,249.1 ,78879.6
urn:nasa:pds:cassini_uvis_solarocc_beckerjarmak2023:data:uvis_euv_2008_003_solar_time_series_ingress,cassini_uvis_solarocc_beckerjarmak2023,urn:nasa:pds:cassini_uvis_solarocc_beckerjarmak2023,data/uvis_euv_2008_003_solar_time_series_ingress.xml                       ,2008-01-03T20:15:55.356Z,2008-01-03T20:55:59.356Z,Ultraviolet,urn:nasa:pds:context:instrument_host:spacecraft.co,urn:nasa:pds:context:instrument:uvis.co,urn:nasa:pds:context:target:ring.saturn.rings,Solar,Ingress,Ingress,N,Good,Equator,248.792 ,390.254 ,40.9,56.2,118.1,2000-01-01T12:00:00Z,252663418.540,252665826.540,252663417.238,252665825.710,96961.8 ,172589.1,9.00 ,81.00,   ,-0.00115,1.16709 ,227.1 ,78576.4
urn:nasa:pds:cassini_uvis_solarocc_beckerjarmak2023:data:uvis_euv_2008_051_solar_time_series_egress ,cassini_uvis_solarocc_beckerjarmak2023,urn:nasa:pds:cassini_uvis_solarocc_beckerjarmak2023,data/uvis_euv_2008_051_solar_time_series_egress.xml                        ,2008-02-20T17:13:42.187Z,2008-02-20T17:14:58.187Z,Ultraviolet,urn:nasa:pds:context:instrument_host:spacecraft.co,urn:nasa:pds:context:instrument:uvis.co,urn:nasa:pds:context:target:ring.saturn.rings,Solar,Egress ,Egress ,N,Poor,Equator,192.333 ,198.720 ,2.0 ,56.2,118.1,2000-01-01T12:00:00Z,256799689.373,256799761.373,256799688.710,256799760.731,68373.3 ,68706.5 ,8.27 ,81.73,X  ,-0.00528,-0.00423,3160.2,77642.4
urn:nasa:pds:cassini_uvis_solarocc_beckerjarmak2023:data:uvis_euv_2008_051_solar_time_series_ingress,cassini_uvis_solarocc_beckerjarmak2023,urn:nasa:pds:cassini_uvis_solarocc_beckerjarmak2023,data/uvis_euv_2008_051_solar_time_series_ingress.xml                       ,2008-02-20T16:39:18.187Z,2008-02-20T17:13:34.187Z,Ultraviolet,urn:nasa:pds:context:instrument_host:spacecraft.co,urn:nasa:pds:context:instrument:uvis.co,urn:nasa:pds:context:target:ring.saturn.rings,Solar,Ingress,Ingress,N,Good,Equator,199.430 ,380.179 ,52.3,56.2,118.1,2000-01-01T12:00:00Z,256797621.373,256799681.373,256797620.104,256799680.707,68373.0 ,194898.1,8.28 ,81.72,   ,-0.00487,0.88256 ,3160.2,77642.4
urn:nasa:pds:cassini_uvis_solarocc_beckerjarmak2023:data:uvis_euv_2008_083_solar_time_series_egress ,cassini_uvis_solarocc_beckerjarmak2023,urn:nasa:pds:cassini_uvis_solarocc_beckerjarmak2023,data/uvis_euv_2008_083_solar_time_series_egress.xml                        ,2008-03-23T09:41:40.859Z,2008-03-23T10:19:52.830Z,Ultraviolet,urn:nasa:pds:context:instrument_host:spacecraft.co,urn:nasa:pds:context:instrument:uvis.co,urn:nasa:pds:context:target:ring.saturn.rings,Solar,Egress ,Egress ,N,Good,Equator,65.781  ,228.365 ,47.1,56.2,118.1,2000-01-01T12:00:00Z,259537368.045,259539000.045,259537367.283,259538999.825,74526.8 ,177761.2,7.79 ,82.21,   ,-0.00082,0.90734 ,1100.0,80285.9
urn:nasa:pds:cassini_uvis_solarocc_beckerjarmak2023:data:uvis_euv_2008_083_solar_time_series_ingress,cassini_uvis_solarocc_beckerjarmak2023,urn:nasa:pds:cassini_uvis_solarocc_beckerjarmak2023,data/uvis_euv_2008_083_solar_time_series_ingress.xml                       ,2008-03-23T08:59:56.859Z,2008-03-23T09:41:32.859Z,Ultraviolet,urn:nasa:pds:context:instrument_host:spacecraft.co,urn:nasa:pds:context:instrument:uvis.co,urn:nasa:pds:context:target:ring.saturn.rings,Solar,Ingress,Ingress,N,Good,Equator,229.158 ,474.855 ,71.1,56.2,118.1,2000-01-01T12:00:00Z,259534860.045,259537360.045,259534858.461,259537359.280,74526.5 ,257565.6,7.79 ,82.21,   ,-0.00079,0.94879 ,594.9 ,80030.0
urn:nasa:pds:cassini_uvis_solarocc_beckerjarmak2023:data:uvis_euv_2008_111_solar_time_series_egress ,cassini_uvis_solarocc_beckerjarmak2023,urn:nasa:pds:cassini_uvis_solarocc_beckerjarmak2023,data/uvis_euv_2008_111_solar_time_series_egress.xml                        ,2008-04-20T20:50:03.502Z,2008-04-20T21:29:59.502Z,Ultraviolet,urn:nasa:pds:context:instrument_host:spacecraft.co,urn:nasa:pds:context:instrument:uvis.co,urn:nasa:pds:context:target:ring.saturn.rings,Solar,Egress ,Egress ,N,Good,Equator,8.485   ,260.154 ,72.7,56.2,118.1,2000-01-01T12:00:00Z,261996669.188,261999064.188,261996668.320,261999064.159,83839.2 ,262802.6,7.36 ,82.64,   ,-0.00200,0.99143 ,137.5 ,81106.7
urn:nasa:pds:cassini_uvis_solarocc_beckerjarmak2023:data:uvis_euv_2008_111_solar_time_series_ingress,cassini_uvis_solarocc_beckerjarmak2023,urn:nasa:pds:cassini_uvis_solarocc_beckerjarmak2023,data/uvis_euv_2008_111_solar_time_series_ingress.xml                       ,2008-04-20T20:19:52.502Z,2008-04-20T20:50:01.502Z,Ultraviolet,urn:nasa:pds:context:instrument_host:spacecraft.co,urn:nasa:pds:context:instrument:uvis.co,urn:nasa:pds:context:target:ring.saturn.rings,Solar,Ingress,Ingress,N,Good,Equator,260.363 ,448.885 ,54.5,56.2,118.1,2000-01-01T12:00:00Z,261994857.188,261996667.188,261994855.690,261996666.319,83839.1 ,206102.5,7.36 ,82.64,   ,-0.00139,0.99935 ,121.7 ,81053.1
urn:nasa:pds:cassini_uvis_solarocc_beckerjarmak2023:data:uvis_euv_2008_121_solar_time_series_egress ,cassini_uvis_solarocc_beckerjarmak2023,urn:nasa:pds:cassini_uvis_solarocc_beckerjarmak2023,data/uvis_euv_2008_121_solar_time_series_egress.xml                        ,2008-04-30T10:03:46.670Z,2008-04-30T10:44:00.670Z,Ultraviolet,urn:nasa:pds:context:instrument_host:spacecraft.co,urn:nasa:pds:context:instrument:uvis.co,urn:nasa:pds:context:target:ring.saturn.rings,Solar,Egress ,Egress ,N,Good,Equator,0.028   ,259.072 ,74.8,56.2,118.1,2000-01-01T12:00:00Z,262821892.356,262824306.356,262821891.491,262824306.356,85117.5 ,270238.4,7.21 ,82.79,   ,-0.00195,0.86523 ,682.3 ,77265.0
urn:nasa:pds:cassini_uvis_solarocc_beckerjarmak2023:data:uvis_euv_2008_121_solar_time_series_ingress,cassini_uvis_solarocc_beckerjarmak2023,urn:nasa:pds:cassini_uvis_solarocc_beckerjarmak2023,data/uvis_euv_2008_121_solar_time_series_ingress.xml                       ,2008-04-30T09:24:52.670Z,2008-04-30T10:03:44.670Z,Ultraviolet,urn:nasa:pds:context:instrument_host:spacecraft.co,urn:nasa:pds:context:instrument:uvis.co,urn:nasa:pds:context:target:ring.saturn.rings,Solar,Ingress,Ingress,N,Good,Equator,259.285 ,507.043 ,71.6,56.2,118.1,2000-01-01T12:00:00Z,262819557.356,262821890.356,262819555.664,262821889.491,85117.5 ,262001.3,7.21 ,82.79,   ,-0.00153,0.87980 ,541.1 ,77152.9
urn:nasa:pds:cassini_uvis_solarocc_beckerjarmak2023:data:uvis_euv_2008_298_solar_time_series_egress ,cassini_uvis_solarocc_beckerjarmak2023,urn:nasa:pds:cassini_uvis_solarocc_beckerjarmak2023,data/uvis_euv_2008_298_solar_time_series_egress.xml                        ,2008-10-24T09:45:56.896Z,2008-10-24T10:00:56.889Z,Ultraviolet,urn:nasa:pds:context:instrument_host:spacecraft.co,urn:nasa:pds:context:instrument:uvis.co,urn:nasa:pds:context:target:ring.saturn.rings,Solar,Egress ,Egress ,N,Poor,Equator,38.564  ,218.182 ,52.1,56.1,118.2,2000-01-01T12:00:00Z,278113623.078,278114521.071,278113622.351,278114520.942,95722.0 ,204393.1,4.49 ,85.51,   ,-0.01181,0.15876 ,1297.5,  822.5
urn:nasa:pds:cassini_uvis_solarocc_beckerjarmak2023:data:uvis_euv_2008_298_solar_time_series_ingress,cassini_uvis_solarocc_beckerjarmak2023,urn:nasa:pds:cassini_uvis_solarocc_beckerjarmak2023,data/uvis_euv_2008_298_solar_time_series_ingress.xml                       ,2008-10-24T09:09:38.908Z,2008-10-24T09:45:52.896Z,Ultraviolet,urn:nasa:pds:context:instrument_host:spacecraft.co,urn:nasa:pds:context:instrument:uvis.co,urn:nasa:pds:context:target:ring.saturn.rings,Solar,Ingress,Ingress,N,Poor,Equator,218.981 ,651.236 ,125.,56.1,118.2,2000-01-01T12:00:00Z,278111443.091,278113619.078,278111440.918,278113618.348,95721.2 ,446075.0,4.49 ,85.51,   ,-0.00817,0.15016 ,1186.8,704.2
urn:nasa:pds:cassini_uvis_solarocc_beckerjarmak2023:data:uvis_euv_2012_267_solar_time_series_ingress,cassini_uvis_solarocc_beckerjarmak2023,urn:nasa:pds:cassini_uvis_solarocc_beckerjarmak2023,data/uvis_euv_2012_267_solar_time_series_ingress.xml                       ,2012-09-23T23:31:52.794Z,2012-09-24T00:41:58.794Z,Ultraviolet,urn:nasa:pds:context:instrument_host:spacecraft.co,urn:nasa:pds:context:instrument:uvis.co,urn:nasa:pds:context:target:ring.saturn.rings,Solar,Ingress,Ingress,N,Poor,Equator,602.486 ,687.010 ,24.4,56.3,117.9,2000-01-01T12:00:00Z,401715179.476,401719385.476,401715177.184,401719383.466,78685.9 ,150290.1,15.92,74.08,F  ,-0.02108,1.37898 ,69.9  , 3832.7
urn:nasa:pds:cassini_uvis_solarocc_beckerjarmak2023:data:uvis_euv_2013_044_solar_time_series_egress ,cassini_uvis_solarocc_beckerjarmak2023,urn:nasa:pds:cassini_uvis_solarocc_beckerjarmak2023,data/uvis_euv_2013_044_solar_time_series_egress.xml                        ,2013-02-13T22:52:14.327Z,2013-02-13T23:45:25.327Z,Ultraviolet,urn:nasa:pds:context:instrument_host:spacecraft.co,urn:nasa:pds:context:instrument:uvis.co,urn:nasa:pds:context:target:ring.saturn.rings,Solar,Egress ,Egress ,N,Poor,Equator,394.521 ,479.189 ,24.5,56.3,117.9,2000-01-01T12:00:00Z,414068001.013,414071192.013,414067999.414,414071190.697,100312.8,172509.0,17.55,72.45,FR ,-0.02421,1.28584 ,64.9  , 1718.5
urn:nasa:pds:cassini_uvis_solarocc_beckerjarmak2023:data:uvis_euv_2016_221_solar_time_series_egress ,cassini_uvis_solarocc_beckerjarmak2023,urn:nasa:pds:cassini_uvis_solarocc_beckerjarmak2023,data/uvis_euv_2016_221_solar_time_series_egress.xml                        ,2016-08-09T02:46:55.259Z,2016-08-09T04:58:59.243Z,Ultraviolet,urn:nasa:pds:context:instrument_host:spacecraft.co,urn:nasa:pds:context:instrument:uvis.co,urn:nasa:pds:context:target:ring.saturn.rings,Solar,Egress ,Egress ,Y,Good,Equator,777.402 ,827.472 ,14.5,56.2,118.1,2000-01-01T12:00:00Z,523982882.442,523990806.426,523982879.681,523990803.833,69395.5 ,150479.4,26.40,63.60,R  ,-0.00586,3.23280 ,297.6 ,74411.5
urn:nasa:pds:cassini_uvis_solarocc_beckerjarmak2023:data:uvis_euv_2016_221_solar_time_series_ingress,cassini_uvis_solarocc_beckerjarmak2023,urn:nasa:pds:cassini_uvis_solarocc_beckerjarmak2023,data/uvis_euv_2016_221_solar_time_series_ingress.xml                       ,2016-08-08T21:51:23.372Z,2016-08-08T22:50:29.372Z,Ultraviolet,urn:nasa:pds:context:instrument_host:spacecraft.co,urn:nasa:pds:context:instrument:uvis.co,urn:nasa:pds:context:target:ring.saturn.rings,Solar,Ingress,Ingress,N,Fair,Equator,908.808 ,927.182 ,5.3 ,56.2,118.1,2000-01-01T12:00:00Z,523965150.555,523968696.555,523965147.462,523968693.524,119179.3,157461.5,26.40,63.60,BR ,-0.00238,0.79179 ,297.6 ,74922.3
urn:nasa:pds:cassini_uvis_solarocc_beckerjarmak2023:data:uvis_euv_2016_245_solar_time_series_egress ,cassini_uvis_solarocc_beckerjarmak2023,urn:nasa:pds:cassini_uvis_solarocc_beckerjarmak2023,data/uvis_euv_2016_245_solar_time_series_egress.xml                        ,2016-09-01T21:21:53.143Z,2016-09-02T00:00:29.143Z,Ultraviolet,urn:nasa:pds:context:instrument_host:spacecraft.co,urn:nasa:pds:context:instrument:uvis.co,urn:nasa:pds:context:target:ring.saturn.rings,Solar,Egress ,Egress ,N,Fair,Equator,799.144 ,852.788 ,15.5,56.2,118.1,2000-01-01T12:00:00Z,526036988.325,526046496.325,526036985.481,526046493.660,81395.1 ,132355.4,26.45,63.55,U  ,0.04172 ,3.21434 ,318.3 ,72831.9
urn:nasa:pds:cassini_uvis_solarocc_beckerjarmak2023:data:uvis_euv_2016_245_solar_time_series_ingress,cassini_uvis_solarocc_beckerjarmak2023,urn:nasa:pds:cassini_uvis_solarocc_beckerjarmak2023,data/uvis_euv_2016_245_solar_time_series_ingress.xml                       ,2016-09-01T17:49:23.193Z,2016-09-01T21:21:49.143Z,Ultraviolet,urn:nasa:pds:context:instrument_host:spacecraft.co,urn:nasa:pds:context:instrument:uvis.co,urn:nasa:pds:context:target:ring.saturn.rings,Solar,Ingress,Ingress,N,Fair,Equator,852.809 ,916.357 ,19.5,56.2,118.1,2000-01-01T12:00:00Z,526024230.375,526036984.325,526024227.319,526036981.481,81395.1 ,161768.3,26.45,63.55,BR ,-0.00388,3.21506 ,318.3 ,72916.3
urn:nasa:pds:cassini_uvis_solarocc_beckerjarmak2023:data:uvis_euv_2016_269_solar_time_series_egress ,cassini_uvis_solarocc_beckerjarmak2023,urn:nasa:pds:cassini_uvis_solarocc_beckerjarmak2023,data/uvis_euv_2016_269_solar_time_series_egress.xml                        ,2016-09-25T19:42:33.874Z,2016-09-25T22:08:29.874Z,Ultraviolet,urn:nasa:pds:context:instrument_host:spacecraft.co,urn:nasa:pds:context:instrument:uvis.co,urn:nasa:pds:context:target:ring.saturn.rings,Solar,Egress ,Egress ,N,Fair,Equator,799.453 ,848.765 ,14.2,56.2,118.1,2000-01-01T12:00:00Z,528104625.057,528113377.057,528104622.225,528113374.390,69551.2 ,118889.4,26.50,63.50,R  ,-0.00382,3.21760 ,307.9 ,71287.8
urn:nasa:pds:cassini_uvis_solarocc_beckerjarmak2023:data:uvis_euv_2016_269_solar_time_series_ingress,cassini_uvis_solarocc_beckerjarmak2023,urn:nasa:pds:cassini_uvis_solarocc_beckerjarmak2023,data/uvis_euv_2016_269_solar_time_series_ingress.xml                       ,2016-09-25T19:20:23.874Z,2016-09-25T19:42:29.874Z,Ultraviolet,urn:nasa:pds:context:instrument_host:spacecraft.co,urn:nasa:pds:context:instrument:uvis.co,urn:nasa:pds:context:target:ring.saturn.rings,Solar,Ingress,Ingress,N,Poor,Equator,848.787 ,855.914 ,2.1 ,56.2,118.1,2000-01-01T12:00:00Z,528103291.057,528104621.057,528103288.202,528104618.225,69551.2 ,71086.0 ,26.50,63.50,X  ,-999.   ,-999.   ,-999. ,  -999.
urn:nasa:pds:cassini_uvis_solarocc_beckerjarmak2023:data:uvis_euv_2016_288_solar_time_series_egress ,cassini_uvis_solarocc_beckerjarmak2023,urn:nasa:pds:cassini_uvis_solarocc_beckerjarmak2023,data/uvis_euv_2016_288_solar_time_series_egress.xml                        ,2016-10-14T20:21:27.404Z,2016-10-14T21:05:29.404Z,Ultraviolet,urn:nasa:pds:context:instrument_host:spacecraft.co,urn:nasa:pds:context:instrument:uvis.co,urn:nasa:pds:context:target:ring.saturn.rings,Solar,Egress ,Egress ,N,Poor,Equator,813.936 ,826.120 ,3.5 ,56.2,118.1,2000-01-01T12:00:00Z,529748566.587,529751196.587,529748563.831,529751193.872,95404.1 ,99248.4 ,26.54,63.46,BU ,0.71907 ,1.31053 ,220.9 ,67557.9
urn:nasa:pds:cassini_uvis_solarocc_beckerjarmak2023:data:uvis_euv_2016_288_solar_time_series_ingress,cassini_uvis_solarocc_beckerjarmak2023,urn:nasa:pds:cassini_uvis_solarocc_beckerjarmak2023,data/uvis_euv_2016_288_solar_time_series_ingress.xml                       ,2016-10-14T17:19:53.404Z,2016-10-14T20:21:23.404Z,Ultraviolet,urn:nasa:pds:context:instrument_host:spacecraft.co,urn:nasa:pds:context:instrument:uvis.co,urn:nasa:pds:context:target:ring.saturn.rings,Solar,Ingress,Ingress,N,Fair,Equator,826.138 ,871.779 ,13.2,56.2,118.1,2000-01-01T12:00:00Z,529737660.587,529748562.587,529737657.679,529748559.831,95404.1 ,147972.0,26.54,63.46,   ,-0.00320,3.27193 ,220.9 ,67557.9
urn:nasa:pds:cassini_uvis_solarocc_beckerjarmak2023:data:uvis_euv_2016_325_solar_time_series_egress ,cassini_uvis_solarocc_beckerjarmak2023,urn:nasa:pds:cassini_uvis_solarocc_beckerjarmak2023,data/uvis_euv_2016_325_solar_time_series_egress.xml                        ,2016-11-20T08:24:19.177Z,2016-11-20T11:38:29.108Z,Ultraviolet,urn:nasa:pds:context:instrument_host:spacecraft.co,urn:nasa:pds:context:instrument:uvis.co,urn:nasa:pds:context:target:ring.saturn.rings,Solar,Egress ,Egress ,N,Good,Equator,713.341 ,754.245 ,11.9,56.3,117.9,2000-01-01T12:00:00Z,532902334.860,532913976.791,532902332.344,532913974.412,96045.0 ,148457.9,26.60,63.40,   ,-0.00921,3.14942 ,222.0 ,50763.4
urn:nasa:pds:cassini_uvis_solarocc_beckerjarmak2023:data:uvis_euv_2016_325_solar_time_series_ingress,cassini_uvis_solarocc_beckerjarmak2023,urn:nasa:pds:cassini_uvis_solarocc_beckerjarmak2023,data/uvis_euv_2016_325_solar_time_series_ingress.xml                       ,2016-11-20T05:09:22.219Z,2016-11-20T08:24:17.177Z,Ultraviolet,urn:nasa:pds:context:instrument_host:spacecraft.co,urn:nasa:pds:context:instrument:uvis.co,urn:nasa:pds:context:target:ring.saturn.rings,Solar,Ingress,Ingress,N,Good,Equator,754.251 ,785.101 ,8.9 ,56.3,117.9,2000-01-01T12:00:00Z,532890629.902,532902332.860,532890627.283,532902330.344,96045.0 ,148773.4,26.60,63.40,R  ,-0.00790,3.22306 ,161.3 ,50981.1
urn:nasa:pds:cassini_uvis_solarocc_beckerjarmak2023:data:uvis_euv_2016_361_solar_time_series_egress ,cassini_uvis_solarocc_beckerjarmak2023,urn:nasa:pds:cassini_uvis_solarocc_beckerjarmak2023,data/uvis_euv_2016_361_solar_time_series_egress.xml                        ,2016-12-26T20:26:12.028Z,2016-12-27T00:05:00.028Z,Ultraviolet,urn:nasa:pds:context:instrument_host:spacecraft.co,urn:nasa:pds:context:instrument:uvis.co,urn:nasa:pds:context:target:ring.saturn.rings,Solar,Egress ,Egress ,N,Good,Equator,647.645 ,678.499 ,8.9 ,56.2,118.1,2000-01-01T12:00:00Z,536056047.712,536069167.712,536056045.448,536069165.551,78849.3 ,145199.3,26.64,63.36,R  ,-0.02025,3.17458 ,309.4 ,62625.4
urn:nasa:pds:cassini_uvis_solarocc_beckerjarmak2023:data:uvis_euv_2016_361_solar_time_series_ingress,cassini_uvis_solarocc_beckerjarmak2023,urn:nasa:pds:cassini_uvis_solarocc_beckerjarmak2023,data/uvis_euv_2016_361_solar_time_series_ingress.xml                       ,2016-12-26T16:44:52.062Z,2016-12-26T20:26:10.028Z,Ultraviolet,urn:nasa:pds:context:instrument_host:spacecraft.co,urn:nasa:pds:context:instrument:uvis.co,urn:nasa:pds:context:target:ring.saturn.rings,Solar,Ingress,Ingress,N,Good,Equator,678.503 ,693.516 ,4.5 ,56.2,118.1,2000-01-01T12:00:00Z,536042759.746,536056045.712,536042757.433,536056043.448,78849.3 ,146195.3,26.65,63.35,   ,-0.00543,3.28399 ,207.4 ,65409.3
urn:nasa:pds:cassini_uvis_solarocc_beckerjarmak2023:data:uvis_euv_2017_017_solar_time_series_ingress,cassini_uvis_solarocc_beckerjarmak2023,urn:nasa:pds:cassini_uvis_solarocc_beckerjarmak2023,data/uvis_euv_2017_017_solar_time_series_ingress.xml                       ,2017-01-17T04:19:52.178Z,2017-01-17T05:31:28.178Z,Ultraviolet,urn:nasa:pds:context:instrument_host:spacecraft.co,urn:nasa:pds:context:instrument:uvis.co,urn:nasa:pds:context:target:ring.saturn.rings,Solar,Ingress,Ingress,N,Fair,Equator,689.871 ,692.310 ,0.7 ,56.2,118.1,2000-01-01T12:00:00Z,537898860.863,537903156.863,537898858.554,537903154.562,111310.5,145206.2,26.67,63.33,B  ,-0.00674,3.23681 ,246.5 ,63813.7
urn:nasa:pds:cassini_uvis_solarocc_beckerjarmak2023:data:uvis_euv_2017_046_solar_time_series_egress ,cassini_uvis_solarocc_beckerjarmak2023,urn:nasa:pds:cassini_uvis_solarocc_beckerjarmak2023,data/uvis_euv_2017_046_solar_time_series_egress.xml                        ,2017-02-15T02:40:53.162Z,2017-02-15T05:20:29.162Z,Ultraviolet,urn:nasa:pds:context:instrument_host:spacecraft.co,urn:nasa:pds:context:instrument:uvis.co,urn:nasa:pds:context:target:ring.saturn.rings,Solar,Egress ,Egress ,Y,Good,Equator,638.759 ,664.478 ,7.4 ,56.2,118.1,2000-01-01T12:00:00Z,540398521.847,540408097.847,540398519.631,540408095.716,68716.6 ,147307.9,26.69,63.31,F  ,-0.00562,3.23049 ,260.1 ,64260.1
urn:nasa:pds:cassini_uvis_solarocc_beckerjarmak2023:data:uvis_euv_2017_060_solar_time_series_egress ,cassini_uvis_solarocc_beckerjarmak2023,urn:nasa:pds:cassini_uvis_solarocc_beckerjarmak2023,data/uvis_euv_2017_060_solar_time_series_egress.xml                        ,2017-03-01T11:10:23.212Z,2017-03-01T12:23:59.212Z,Ultraviolet,urn:nasa:pds:context:instrument_host:spacecraft.co,urn:nasa:pds:context:instrument:uvis.co,urn:nasa:pds:context:target:ring.saturn.rings,Solar,Egress ,Egress ,Y,Fair,Equator,644.211 ,655.691 ,3.3 ,56.2,118.1,2000-01-01T12:00:00Z,541638691.898,541643107.898,541638689.710,541643105.749,75270.7 ,113069.4,26.70,63.30,UR ,0.05063 ,3.23273 ,258.0 ,64165.0
urn:nasa:pds:cassini_uvis_solarocc_beckerjarmak2023:data:uvis_euv_2017_074_solar_time_series_egress ,cassini_uvis_solarocc_beckerjarmak2023,urn:nasa:pds:cassini_uvis_solarocc_beckerjarmak2023,data/uvis_euv_2017_074_solar_time_series_egress.xml                        ,2017-03-15T19:48:54.259Z,2017-03-15T21:24:00.254Z,Ultraviolet,urn:nasa:pds:context:instrument_host:spacecraft.co,urn:nasa:pds:context:instrument:uvis.co,urn:nasa:pds:context:target:ring.saturn.rings,Solar,Egress ,Egress ,N,Good,Equator,629.795 ,645.905 ,4.7 ,56.2,118.1,2000-01-01T12:00:00Z,542879402.945,542885108.939,542879400.790,542885106.838,95652.6 ,147423.5,26.71,63.29,   ,-0.00495,3.23705 ,247.1 ,63262.2
urn:nasa:pds:cassini_uvis_solarocc_beckerjarmak2023:data:uvis_euv_2017_089_solar_time_series_egress ,cassini_uvis_solarocc_beckerjarmak2023,urn:nasa:pds:cassini_uvis_solarocc_beckerjarmak2023,data/uvis_euv_2017_089_solar_time_series_egress.xml                        ,2017-03-30T03:38:53.324Z,2017-03-30T05:24:29.310Z,Ultraviolet,urn:nasa:pds:context:instrument_host:spacecraft.co,urn:nasa:pds:context:instrument:uvis.co,urn:nasa:pds:context:target:ring.saturn.rings,Solar,Egress ,Egress ,N,Good,Equator,626.238 ,644.395 ,5.3 ,56.2,118.1,2000-01-01T12:00:00Z,544117202.010,544123537.995,544117199.861,544123535.907,95295.4 ,153733.8,26.72,63.28,   ,-0.00551,3.25733 ,246.5 ,65982.5
urn:nasa:pds:cassini_uvis_solarocc_beckerjarmak2023:data:uvis_euv_2017_103_solar_time_series_ingress,cassini_uvis_solarocc_beckerjarmak2023,urn:nasa:pds:cassini_uvis_solarocc_beckerjarmak2023,data/uvis_euv_2017_103_solar_time_series_ingress.xml                       ,2017-04-13T04:10:22.558Z,2017-04-13T05:22:28.558Z,Ultraviolet,urn:nasa:pds:context:instrument_host:spacecraft.co,urn:nasa:pds:context:instrument:uvis.co,urn:nasa:pds:context:target:ring.saturn.rings,Solar,Ingress,Ingress,N,Fair,Equator,683.832 ,685.221 ,0.4 ,56.2,118.1,2000-01-01T12:00:00Z,545328691.244,545333017.244,545328688.958,545333014.963,117855.6,157778.8,26.73,63.27,B  ,-0.00571,3.24452 ,246.5 ,63977.1
urn:nasa:pds:cassini_uvis_solarocc_beckerjarmak2023:data:uvis_euv_2017_116_solar_time_series_egress ,cassini_uvis_solarocc_beckerjarmak2023,urn:nasa:pds:cassini_uvis_solarocc_beckerjarmak2023,data/uvis_euv_2017_116_solar_time_series_egress.xml                        ,2017-04-26T21:26:23.948Z,2017-04-26T22:53:29.948Z,Ultraviolet,urn:nasa:pds:context:instrument_host:spacecraft.co,urn:nasa:pds:context:instrument:uvis.co,urn:nasa:pds:context:target:ring.saturn.rings,Solar,Egress ,Egress ,N,Fair,Equator,443.009 ,446.739 ,1.1 ,56.2,118.1,2000-01-01T12:00:00Z,546514052.634,546519278.634,546514051.144,546519277.156,126864.7,174718.5,26.73,63.27,B  ,-0.00676,0.55886 ,246.5 ,66704.7
urn:nasa:pds:cassini_uvis_solarocc_beckerjarmak2023:data:uvis_euv_2017_168_solar_time_series_egress ,cassini_uvis_solarocc_beckerjarmak2023,urn:nasa:pds:cassini_uvis_solarocc_beckerjarmak2023,data/uvis_euv_2017_168_solar_time_series_egress.xml                        ,2017-06-17T08:31:11.490Z,2017-06-17T11:24:59.490Z,Ultraviolet,urn:nasa:pds:context:instrument_host:spacecraft.co,urn:nasa:pds:context:instrument:uvis.co,urn:nasa:pds:context:target:ring.saturn.rings,Solar,Egress ,Egress ,N,Fair,Equator,432.750 ,436.476 ,1.0 ,56.3,117.9,2000-01-01T12:00:00Z,550960341.175,550970768.175,550960339.731,550970766.721,77510.7 ,126077.9,26.73,63.27,UBR,0.00877 ,3.29810 ,195.6 ,64169.0
urn:nasa:pds:cassini_uvis_solarocc_beckerjarmak2023:data:uvis_euv_2017_168_solar_time_series_ingress,cassini_uvis_solarocc_beckerjarmak2023,urn:nasa:pds:cassini_uvis_solarocc_beckerjarmak2023,data/uvis_euv_2017_168_solar_time_series_ingress.xml                       ,2017-06-17T05:31:02.490Z,2017-06-17T08:31:09.490Z,Ultraviolet,urn:nasa:pds:context:instrument_host:spacecraft.co,urn:nasa:pds:context:instrument:uvis.co,urn:nasa:pds:context:target:ring.saturn.rings,Solar,Ingress,Ingress,N,Fair,Equator,406.338 ,432.748 ,7.6 ,56.3,117.9,2000-01-01T12:00:00Z,550949531.175,550960339.175,550949529.819,550960337.731,77510.7 ,127779.7,26.73,63.27,U  ,0.00843 ,3.25772 ,234.3 ,64169.0
